,IT_diff,V2_diff,root,Image1,Image2,IT_root_im1,IT_root_im2,IT_im1_im2,V2_root_im1,V2_root_im2,V2_im1_im2,cat_root,cat_im1,cat_im2,concept_root,concept_im1,concept_im2,V2_im2_minus_im1,IT_im2_minus_im1,IT_most_similar,V2_most_similar
0,0.112945319,0.0247054,0_1.jpg,0_2.jpg,0_3.jpg,0.105832307,0.218777626,-0.086585614,0.065103598,0.089808999,0.037974415,gravestone,pajamas,javelin,Unclassified,clothing,sports equipment,0.024705401000000002,0.112945319,im2,im2
1,0.127330116,0.029331153,1_1.jpg,1_2.jpg,1_3.jpg,-0.198246656,-0.070916541,0.423047743,0.088679801,0.059348649,0.069036748,submarine,sardine,mask,vehicle,Unclassified,clothing,-0.029331152,0.127330115,im2,im1
2,0.123256819,0.042607275,2_1.jpg,2_2.jpg,2_3.jpg,-0.353059879,-0.229803061,0.410662033,0.052226648,0.009619373,0.091675464,alpaca,calzone,lip_balm,animal,Unclassified,Unclassified,-0.042607275,0.12325681800000002,im2,im1
3,0.120908976,0.0548959,3_1.jpg,3_2.jpg,3_3.jpg,-0.044691113,0.076217862,-0.08701128,0.076088157,0.021192256,0.047162379,bazooka,antelope,highchair,Unclassified,animal,furniture,-0.054895901000000004,0.120908975,im2,im1
4,0.122368269,0.073449625,4_1.jpg,4_2.jpg,4_3.jpg,-0.035711178,0.086657091,0.212700493,0.080137577,0.006687952,0.020658986,rat,hubcap,camera2,animal,Unclassified,animal,-0.073449625,0.122368269,im2,im1
5,0.115595805,0.095039861,5_1.jpg,5_2.jpg,5_3.jpg,0.169581597,0.285177402,-0.008113298,0.125528209,0.030488348,0.053019699,orange_rind,duckling,stove1,Unclassified,animal,animal,-0.095039861,0.11559580500000002,im2,im1
6,0.127689997,0.121822216,6_1.jpg,6_2.jpg,6_3.jpg,0.051797174,0.179487171,0.167217844,0.164646849,0.042824633,0.058595514,hole,ice,shelf,Unclassified,Unclassified,Unclassified,-0.12182221600000001,0.127689997,im2,im1
7,0.117280398,0.125645975,7_1.jpg,7_2.jpg,7_3.jpg,-0.044378402,0.072901996,0.10222773,-0.014660393,0.110985582,0.037304186,muff,roller_coaster,potpie,clothing,Unclassified,food,0.125645975,0.117280398,im2,im2
8,0.120140851,0.13413238,8_1.jpg,8_2.jpg,8_3.jpg,0.458340595,0.578481446,0.42929263,-0.009091724,0.125040656,0.032119153,drink,stethoscope,pepper_mill,Unclassified,Unclassified,Unclassified,0.13413238,0.12014085099999994,im2,im2
9,0.126262821,0.152822266,9_1.jpg,9_2.jpg,9_3.jpg,-0.03462042,0.0916424,0.099374856,-0.022126222,0.130696044,0.03991407,bee,flamingo,crystal_ball,animal,animal,Unclassified,0.152822266,0.12626282,im2,im2
10,0.240391398,0.016632975,10_1.jpg,10_2.jpg,10_3.jpg,-0.093229288,0.147162109,-0.287273477,0.070119099,0.053486124,0.046782948,bathtub,fox,briefcase,container,animal,container,-0.016632975,0.240391397,im2,im1
11,0.237039429,0.02401622,11_1.jpg,11_2.jpg,11_3.jpg,0.273723068,0.510762497,0.46738129,0.06843843,0.09245465,0.110304291,woman,cracker,slipper,Unclassified,food,Unclassified,0.024016220000000005,0.23703942899999997,im2,im2
12,0.234369268,0.046165587,12_1.jpg,12_2.jpg,12_3.jpg,0.16849123,0.402860497,0.131673152,0.085294805,0.039129218,0.074812542,bumper,baton4,bed,Unclassified,animal,furniture,-0.046165587,0.234369267,im2,im1
13,0.238888081,0.0651022,13_1.jpg,13_2.jpg,13_3.jpg,-0.101888284,0.136999797,0.396015026,0.055503447,-0.009598753,0.019792229,sea_urchin,bumper,key,animal,Unclassified,Unclassified,-0.0651022,0.238888081,im2,im1
14,0.236501422,0.073933135,14_1.jpg,14_2.jpg,14_3.jpg,0.235507687,0.472009109,0.483666722,0.032880878,0.106814014,0.028285196,safety_pin,tomato,caramel,Unclassified,vegetable,food,0.073933136,0.236501422,im2,im2
15,0.235683561,0.093123871,15_1.jpg,15_2.jpg,15_3.jpg,-0.280975804,-0.045292243,-0.100361753,-0.007144624,0.085979246,0.017304403,seahorse,car,robe,animal,container,clothing,0.09312387,0.23568356099999999,im2,im2
16,0.234042389,0.113974584,16_1.jpg,16_2.jpg,16_3.jpg,-0.07999697,0.15404542,0.084603198,0.155942824,0.04196824,0.030979873,badger,speedboat,bull,animal,vehicle,animal,-0.11397458400000002,0.23404239,im2,im1
17,0.23493116,0.121577084,17_1.jpg,17_2.jpg,17_3.jpg,0.151206999,0.386138159,0.242667877,0.110624111,-0.010952974,0.000328003,game,kite,blazer,Unclassified,toy,clothing,-0.121577085,0.23493115999999997,im2,im1
18,0.252518326,0.138659498,18_1.jpg,18_2.jpg,18_3.jpg,0.147360607,0.399878933,0.230227279,0.010007102,0.1486666,0.056903522,batter,tackle,lightbulb,food,Unclassified,Unclassified,0.13865949800000002,0.252518326,im2,im2
19,0.245537819,0.152936086,19_1.jpg,19_2.jpg,19_3.jpg,0.181483948,0.427021766,0.000818837,0.051468301,0.204404387,0.043068431,beachball,cooler,bologna,toy,Unclassified,Unclassified,0.152936086,0.24553781800000002,im2,im2
20,0.366765211,0.021118453,20_1.jpg,20_2.jpg,20_3.jpg,0.277467951,0.644233162,0.19437639,0.073889939,0.052771487,0.057219787,dip,footbath,mulberry,food,container,fruit,-0.021118452000000003,0.36676521100000004,im2,im1
21,0.365178453,0.022363001,21_1.jpg,21_2.jpg,21_3.jpg,-0.031695841,0.333482612,0.515387759,0.091572204,0.069209203,0.12838001,cordon_bleu,hood,gauze,Unclassified,clothing,Unclassified,-0.022363001000000007,0.365178453,im2,im1
22,0.368157388,0.054232392,22_1.jpg,22_2.jpg,22_3.jpg,0.174827674,0.542985062,0.019359403,0.0989175,0.044685108,0.041595064,router,wetsuit,radar,Unclassified,clothing,Unclassified,-0.054232392000000004,0.368157388,im2,im1
23,0.364761611,0.069679747,23_1.jpg,23_2.jpg,23_3.jpg,0.133512568,0.498274178,0.315795336,0.038027225,0.107706972,0.117776169,riser,shower_cap,bongo,Unclassified,clothing,musical instrument,0.069679747,0.36476161,im2,im2
24,0.360814388,0.080382407,24_1.jpg,24_2.jpg,24_3.jpg,0.415017325,0.775831713,0.350096249,0.050734005,0.131116413,0.070636871,tank2,candy,water_heater,animal,food,container,0.08038240799999999,0.360814388,im2,im2
25,0.374572391,0.103120506,25_1.jpg,25_2.jpg,25_3.jpg,0.413557011,0.788129402,0.300927134,0.026047601,0.129168107,0.04208288,aluminum_foil,stockings,string_cheese,Unclassified,clothing,food,0.103120506,0.37457239100000006,im2,im2
26,0.370995889,0.117451091,26_1.jpg,26_2.jpg,26_3.jpg,0.295108621,0.66610451,0.129631063,0.045508951,0.162960042,0.029388252,cross,ferret,hook1,Unclassified,animal,animal,0.11745109100000001,0.370995889,im2,im2
27,0.36273785,0.121790798,27_1.jpg,27_2.jpg,27_3.jpg,0.180834219,0.543572069,0.414323958,0.144035716,0.022244918,0.009402873,peeler,counter,cigar,Unclassified,furniture,Unclassified,-0.121790798,0.36273785000000003,im2,im1
28,0.355414862,0.138435649,28_1.jpg,28_2.jpg,28_3.jpg,0.467990724,0.823405586,0.329765997,0.148716444,0.010280796,0.041002591,cereal,chip,caviar,Unclassified,Unclassified,Unclassified,-0.138435648,0.355414862,im2,im1
29,0.374386022,0.162402377,29_1.jpg,29_2.jpg,29_3.jpg,0.357121484,0.731507506,0.059841072,0.064787667,0.227190044,0.087534736,spinach,crystal1,parsley,vegetable,animal,food,0.16240237700000001,0.37438602200000004,im2,im2
30,0.481366172,0.017373621,30_1.jpg,30_2.jpg,30_3.jpg,-0.103767157,0.377599015,-0.011083699,0.03423093,0.05160455,0.051691324,knob,hawk,lamb_chop,Unclassified,animal,Unclassified,0.01737362,0.481366172,im2,im2
31,0.494254141,0.025079924,31_1.jpg,31_2.jpg,31_3.jpg,0.018264652,0.512518793,0.27356537,0.078176323,0.0530964,0.033938509,bacon,boot,shoe,Unclassified,Unclassified,Unclassified,-0.025079923000000004,0.49425414100000004,im2,im1
32,0.488355471,0.051716642,32_1.jpg,32_2.jpg,32_3.jpg,-0.208143593,0.280211878,-0.165482853,0.118491897,0.066775255,0.056399722,bandage,anteater,bell_pepper,Unclassified,animal,vegetable,-0.05171664199999999,0.488355471,im2,im1
33,0.478443367,0.054718888,33_1.jpg,33_2.jpg,33_3.jpg,-0.448834501,0.029608866,0.067411606,0.053854177,-0.000864711,0.08673056,jeans,lightning_bug,calzone,clothing,animal,Unclassified,-0.054718888,0.478443367,im2,im1
34,0.495486843,0.077554061,34_1.jpg,34_2.jpg,34_3.jpg,0.112196147,0.60768299,0.018967341,0.031162996,0.108717057,0.001587598,paper_towel,loincloth,paper_plate,Unclassified,clothing,Unclassified,0.07755406100000001,0.495486843,im2,im2
35,0.48599038,0.090439337,35_1.jpg,35_2.jpg,35_3.jpg,0.113937891,0.599928271,0.200518198,0.210657842,0.120218504,0.173556624,nutcracker,footprint,quill,Unclassified,Unclassified,Unclassified,-0.09043933800000001,0.48599038,im2,im1
36,0.492246007,0.102985953,36_1.jpg,36_2.jpg,36_3.jpg,-0.152960886,0.339285122,0.14926685,0.095220538,-0.007765415,0.035902355,nacho,steamroller,notebook,food,vehicle,Unclassified,-0.10298595299999999,0.49224600799999996,im2,im1
37,0.480233675,0.124046633,37_1.jpg,37_2.jpg,37_3.jpg,0.031977617,0.512211291,0.029727645,-0.012100719,0.111945914,0.045729475,lamp,windsock,goblet,furniture,Unclassified,container,0.12404663299999999,0.48023367399999994,im2,im2
38,0.49330048,0.136241098,38_1.jpg,38_2.jpg,38_3.jpg,0.046785759,0.540086239,-0.027910155,0.179517135,0.043276037,0.054814355,horse,beaver,hula_hoop,animal,animal,Unclassified,-0.136241098,0.49330048,im2,im1
39,0.477866235,0.158496046,39_1.jpg,39_2.jpg,39_3.jpg,-0.249590064,0.228276171,-0.192267696,0.161134733,0.002638687,0.013350608,latch,fingerprint,stir_fry,Unclassified,Unclassified,Unclassified,-0.158496046,0.47786623500000003,im2,im1
40,0.598871827,0.018882555,40_1.jpg,40_2.jpg,40_3.jpg,-0.150328528,0.4485433,-0.143408624,0.028729646,0.047612201,0.066465059,cashew,guillotine,marble,fruit,Unclassified,Unclassified,0.018882555,0.5988718279999999,im2,im2
41,0.612216699,0.03157242,41_1.jpg,41_2.jpg,41_3.jpg,-0.220245026,0.391971673,0.096819177,0.043734414,0.075306834,0.061664245,jukebox,platypus,camera1,Unclassified,animal,animal,0.031572420000000004,0.612216699,im2,im2
42,0.618657931,0.051082558,42_1.jpg,42_2.jpg,42_3.jpg,-0.19051054,0.428147391,-0.177316158,0.027124811,0.078207369,0.070848756,sorbet,snowmobile,peanut,dessert,container,fruit,0.051082558,0.618657931,im2,im2
43,0.609814965,0.05842302,43_1.jpg,43_2.jpg,43_3.jpg,-0.135991602,0.473823364,-0.159539573,0.097409885,0.038986865,0.06157364,sandbag,raccoon,turtleneck,container,animal,clothing,-0.05842302,0.6098149660000001,im2,im1
44,0.613436973,0.073413047,44_1.jpg,44_2.jpg,44_3.jpg,0.008063022,0.621499995,-0.111523432,0.055549951,0.128962998,0.051336499,salami,ram,bracelet2,Unclassified,animal,animal,0.073413047,0.613436973,im2,im2
45,0.609413884,0.090645919,45_1.jpg,45_2.jpg,45_3.jpg,-0.11494796,0.494465924,-0.150249098,0.036888303,0.127534222,0.03910964,binder,porcupine,toaster,Unclassified,animal,kitchen appliance,0.090645919,0.609413884,im2,im2
46,0.616941689,0.10222124,46_1.jpg,46_2.jpg,46_3.jpg,0.025355852,0.642297541,0.017304751,0.167203447,0.064982207,0.051389479,ostrich,shoe,camel,animal,Unclassified,animal,-0.10222124,0.616941689,im2,im1
47,0.599634563,0.119028562,47_1.jpg,47_2.jpg,47_3.jpg,-0.160544447,0.439090117,-0.34107044,0.004408888,0.12343745,0.039870093,test_tube,zebra,razor_blade,Unclassified,animal,tool,0.119028562,0.599634564,im2,im2
48,0.615725239,0.141587523,48_1.jpg,48_2.jpg,48_3.jpg,-0.074012642,0.541712598,-0.227421342,0.132576509,-0.009011014,0.001958501,sausage,boulder,domino,Unclassified,Unclassified,Unclassified,-0.14158752300000002,0.6157252400000001,im2,im1
49,0.599455829,0.152296133,49_1.jpg,49_2.jpg,49_3.jpg,0.013583912,0.613039742,0.035843333,0.031369912,0.183666045,0.030800279,mulberry,parking_meter,patty,fruit,Unclassified,food,0.152296133,0.59945583,im2,im2
50,0.722270809,0.007820256,50_1.jpg,50_2.jpg,50_3.jpg,-0.14415113,0.578119678,-0.062702715,0.027711591,0.019891335,0.007726709,wrapping_paper,leaf,bungee,Unclassified,Unclassified,Unclassified,-0.007820256000000001,0.722270808,im2,im1
51,0.726773892,0.040621263,51_1.jpg,51_2.jpg,51_3.jpg,-0.095413983,0.631359909,-0.152109082,0.043060368,0.083681631,0.058342443,coconut,wreck,dumpling,fruit,vehicle,Unclassified,0.040621263000000005,0.7267738920000001,im2,im2
52,0.728431028,0.038962158,52_1.jpg,52_2.jpg,52_3.jpg,-0.118948872,0.609482155,0.055775935,0.07108877,0.032126612,0.009395208,beachball,calzone,hot-air_balloon,toy,Unclassified,vehicle,-0.038962158,0.7284310270000001,im2,im1
53,0.72487068,0.060375986,53_1.jpg,53_2.jpg,53_3.jpg,0.105233366,0.830104046,0.066656103,0.014842261,0.075218247,-0.007443374,souffle,guitar,steak,food,musical instrument,Unclassified,0.060375986,0.72487068,im2,im2
54,0.731343679,0.076234246,54_1.jpg,54_2.jpg,54_3.jpg,-0.264738524,0.466605154,-0.133667889,0.011218694,0.08745294,0.037287369,humvee,toucan,cannon,vehicle,animal,Unclassified,0.076234246,0.731343678,im2,im2
55,0.722701917,0.086753509,55_1.jpg,55_2.jpg,55_3.jpg,0.162845676,0.885547593,0.123152482,0.165830569,0.07907706,0.141720904,badger,ivy,badger,animal,plant,animal,-0.086753509,0.722701917,im2,im1
56,0.726498781,0.12148974,56_1.jpg,56_2.jpg,56_3.jpg,-0.193785254,0.532713526,-0.202782671,0.131360937,0.009871197,0.025994928,cart,ant,pulley,container,animal,Unclassified,-0.12148974000000001,0.72649878,im2,im1
57,0.724506779,0.12118578,57_1.jpg,57_2.jpg,57_3.jpg,-0.146407905,0.578098875,-0.106567166,0.124766229,0.003580449,0.020216197,ink,ramp,piggy_bank,Unclassified,Unclassified,container,-0.12118578,0.72450678,im2,im1
58,0.727582913,0.136569454,58_1.jpg,58_2.jpg,58_3.jpg,-0.120835597,0.606747315,-0.117824253,0.029943567,0.166513021,0.095030013,bathmat,helicopter,light_switch,Unclassified,vehicle,Unclassified,0.136569454,0.727582912,im2,im2
59,0.727927982,0.159088591,59_1.jpg,59_2.jpg,59_3.jpg,0.045446298,0.77337428,0.135363009,-0.005552248,0.153536343,0.079627264,crayfish,rattle,snail,animal,toy,animal,0.159088591,0.727927982,im2,im2
60,0.85052818,0.020065895,60_1.jpg,60_2.jpg,60_3.jpg,-0.186359758,0.664168423,-0.110090644,0.06017401,0.040108115,0.044431384,tiara,calf1,shoelace,clothing,animal,Unclassified,-0.020065895,0.850528181,im2,im1
61,0.853452618,0.025946167,61_1.jpg,61_2.jpg,61_3.jpg,-0.146820214,0.706632404,-0.179396498,0.095773766,0.069827599,0.037910213,sled,snake,easel,vehicle,animal,Unclassified,-0.025946166999999992,0.853452618,im2,im1
62,0.851897399,0.053158553,62_1.jpg,62_2.jpg,62_3.jpg,-0.179146176,0.672751223,-0.082923769,0.102487588,0.049329035,0.040508425,sponge,hyena,candle,Unclassified,animal,Unclassified,-0.053158553000000004,0.851897399,im2,im1
63,0.855977093,0.073880975,63_1.jpg,63_2.jpg,63_3.jpg,-0.033820963,0.822156129,-0.241800045,0.047410928,0.121291904,0.090040412,reindeer,mattress,reindeer,animal,Unclassified,animal,0.07388097600000001,0.855977092,im2,im2
64,0.859133513,0.071548229,64_1.jpg,64_2.jpg,64_3.jpg,-0.400158354,0.458975159,-0.040962127,0.034867768,-0.036680461,0.025338413,flower,drum,screen2,plant,musical instrument,animal,-0.07154822899999999,0.859133513,im2,im1
65,0.855305885,0.087958338,65_1.jpg,65_2.jpg,65_3.jpg,-0.229870193,0.625435693,-0.219844729,0.107412638,0.0194543,0.032769488,enchilada,platypus,nutcracker,food,animal,Unclassified,-0.087958338,0.855305886,im2,im1
66,0.855008534,0.108440017,66_1.jpg,66_2.jpg,66_3.jpg,-0.192795145,0.662213389,-0.201952978,0.099169915,-0.009270101,-0.001795677,pomegranate,gondola,okra,fruit,vehicle,fruit,-0.108440016,0.855008534,im2,im1
67,0.856513202,0.11980687,67_1.jpg,67_2.jpg,67_3.jpg,-0.251659566,0.604853636,-0.246554985,0.124315235,0.004508365,0.055559729,trowel,ostrich,handbrake,tool,animal,Unclassified,-0.11980687,0.8565132019999999,im2,im1
68,0.856470949,0.133907134,68_1.jpg,68_2.jpg,68_3.jpg,-0.197698354,0.658772595,-0.19082229,0.001375179,0.135282312,0.048111331,combination_lock,hyena,measuring_cup,Unclassified,animal,container,0.13390713299999998,0.856470949,im2,im2
69,0.843836176,0.163575112,69_1.jpg,69_2.jpg,69_3.jpg,-0.150998087,0.692838088,0.001850344,-0.012786039,0.150789072,-0.007315196,butterfly,crate,flower,animal,container,plant,0.163575111,0.8438361750000001,im2,im2
70,0.982175561,0.018147709,70_1.jpg,70_2.jpg,70_3.jpg,-0.318018579,0.664156982,-0.276615164,0.071706375,0.053558667,0.065163233,moth,stretcher,acorn,animal,Unclassified,fruit,-0.018147708000000005,0.982175561,im2,im1
71,0.982299411,0.029980271,71_1.jpg,71_2.jpg,71_3.jpg,-0.200932461,0.78136695,0.024088511,0.080561638,0.050581367,0.048885201,crepe,treadmill,muffin,Unclassified,Unclassified,food,-0.029980271000000003,0.9822994110000001,im2,im1
72,0.978551523,0.053385905,72_1.jpg,72_2.jpg,72_3.jpg,-0.300601374,0.677950149,-0.290052272,0.094941977,0.041556073,0.076423906,memory_stick,ostrich,magnifying_glass,Unclassified,animal,Unclassified,-0.053385904,0.9785515229999999,im2,im1
73,0.967752514,0.057286646,73_1.jpg,73_2.jpg,73_3.jpg,-0.292355237,0.675397277,-0.292120855,0.114227317,0.056940671,0.053263891,steering_wheel,mushroom,drill,Unclassified,Unclassified,tool,-0.057286646,0.967752514,im2,im1
74,0.978867278,0.074411804,74_1.jpg,74_2.jpg,74_3.jpg,-0.08739807,0.891469208,0.078134833,0.170294817,0.095883014,0.095908717,tugboat,thermostat,aircraft_carrier,vehicle,Unclassified,vehicle,-0.07441180299999998,0.978867278,im2,im1
75,0.968036501,0.087848501,75_1.jpg,75_2.jpg,75_3.jpg,-0.346720384,0.621316117,-0.239917737,0.057220933,-0.030627568,0.079920603,oatmeal,telephone_pole,noodle,food,Unclassified,Unclassified,-0.087848501,0.968036501,im2,im1
76,0.980428098,0.107666841,76_1.jpg,76_2.jpg,76_3.jpg,-0.503287873,0.477140225,-0.369857359,-0.011475105,0.096191736,0.027337079,turnstile,slug,limousine,Unclassified,animal,container,0.107666841,0.980428098,im2,im2
77,0.98005489,0.124056179,77_1.jpg,77_2.jpg,77_3.jpg,-0.223331005,0.756723885,-0.282995142,0.021521773,0.145577951,0.001897114,sorbet,telephone_pole,cheesecake,dessert,Unclassified,Unclassified,0.12405617800000002,0.98005489,im2,im2
78,0.982848895,0.143421033,78_1.jpg,78_2.jpg,78_3.jpg,-0.236791495,0.7460574,-0.272962823,0.1218847,-0.021536332,-0.021482612,ravioli,minivan,zucchini,Unclassified,container,vegetable,-0.143421032,0.982848895,im2,im1
79,0.972632195,0.152734336,79_1.jpg,79_2.jpg,79_3.jpg,-0.250162976,0.722469219,-0.233668562,0.1661734,0.013439065,0.063817995,mulberry,trap,arugula,fruit,Unclassified,plant,-0.152734335,0.9726321950000001,im2,im1
80,1.087684856,0.006098508,80_1.jpg,80_2.jpg,80_3.jpg,-0.272378344,0.815306512,-0.24488291,0.035922878,0.02982437,0.090215956,eyedropper,deer,test_tube,Unclassified,animal,Unclassified,-0.006098507999999999,1.087684856,im2,im1
81,1.093340355,0.03904686,81_1.jpg,81_2.jpg,81_3.jpg,-0.406813992,0.686526363,-0.304714433,0.084973555,0.045926695,0.044113889,palette,alpaca,marble,Unclassified,animal,Unclassified,-0.03904686000000001,1.093340355,im2,im1
82,1.104139149,0.050255935,82_1.jpg,82_2.jpg,82_3.jpg,-0.314466397,0.789672752,-0.337756697,0.043403884,0.09365982,0.033650095,calzone,antenna,ready_meal,Unclassified,Unclassified,Unclassified,0.05025593600000001,1.1041391489999999,im2,im2
83,1.099861853,0.060557469,83_1.jpg,83_2.jpg,83_3.jpg,-0.37706657,0.722795282,-0.361328216,0.159024377,0.098466908,0.043171796,cot,slug,treadmill,furniture,animal,Unclassified,-0.06055746899999999,1.099861852,im2,im1
84,1.091288138,0.089853211,84_1.jpg,84_2.jpg,84_3.jpg,-0.363455499,0.727832638,-0.113266676,0.040509723,0.130362934,0.059279963,baby,grape,baby,Unclassified,fruit,Unclassified,0.08985321100000002,1.091288137,im2,im2
85,1.086700471,0.086128947,85_1.jpg,85_2.jpg,85_3.jpg,-0.334018823,0.752681648,-0.298669752,0.08103959,-0.005089357,0.042297538,cantaloupe,quad,grater,fruit,Unclassified,Unclassified,-0.086128947,1.0867004710000001,im2,im1
86,1.091082574,0.113178561,86_1.jpg,86_2.jpg,86_3.jpg,-0.307267224,0.78381535,-0.342352116,-0.014926929,0.098251632,0.026625882,tablet,wheat,binder,Unclassified,food,Unclassified,0.11317856100000001,1.091082574,im2,im2
87,1.09821174,0.124094116,87_1.jpg,87_2.jpg,87_3.jpg,-0.290057739,0.808154001,-0.223864165,0.012574494,0.13666861,0.016233403,can_opener,peacock,headphones,tool,animal,Unclassified,0.12409411599999999,1.09821174,im2,im2
88,1.104059009,0.139765781,88_1.jpg,88_2.jpg,88_3.jpg,-0.332176628,0.771882381,-0.345769763,0.135288293,-0.004477488,0.00647372,hammer,nest,air_pump,tool,Unclassified,Unclassified,-0.139765781,1.104059009,im2,im1
89,1.094317613,0.153080426,89_1.jpg,89_2.jpg,89_3.jpg,-0.203719459,0.890598154,-0.106017367,-0.005099286,0.14798114,0.005484247,grapefruit,gate,grapefruit,fruit,Unclassified,fruit,0.15308042600000002,1.0943176129999999,im2,im2
90,1.215094685,0.017814348,90_1.jpg,90_2.jpg,90_3.jpg,-0.391755358,0.823339328,-0.305955802,0.100503377,0.118317725,0.093308918,bok_choy,flamethrower,pasta,plant,weapon,Unclassified,0.017814347999999994,1.215094686,im2,im2
91,1.212598714,0.027782189,91_1.jpg,91_2.jpg,91_3.jpg,-0.435631021,0.776967693,-0.369054351,0.079089709,0.106871898,0.04545567,ankle,garbage_truck,clasp,body part,container,Unclassified,0.027782189000000013,1.212598714,im2,im2
92,1.212125556,0.049377647,92_1.jpg,92_2.jpg,92_3.jpg,-0.288021353,0.924104203,-0.342877695,0.07308058,0.122458227,0.073749235,rhinoceros,tiramisu,rhinoceros,animal,dessert,animal,0.049377647,1.212125556,im2,im2
93,1.219661592,0.059937894,93_1.jpg,93_2.jpg,93_3.jpg,-0.400776166,0.818885426,-0.306330571,0.08810712,0.028169225,0.060151719,film,walrus,checkbook,Unclassified,animal,Unclassified,-0.059937895,1.219661592,im2,im1
94,1.222849714,0.070673472,94_1.jpg,94_2.jpg,94_3.jpg,-0.387265157,0.835584557,-0.360239917,0.116931673,0.046258201,0.042604157,beetle,pony,fly,animal,animal,animal,-0.070673472,1.222849714,im2,im1
95,1.226168015,0.09333169,95_1.jpg,95_2.jpg,95_3.jpg,-0.299847713,0.926320302,-0.305077855,0.043777485,0.137109175,0.041041355,teacup,satellite,teacup,container,Unclassified,container,0.09333169,1.226168015,im2,im2
96,1.219938074,0.107801315,96_1.jpg,96_2.jpg,96_3.jpg,-0.282182128,0.937755946,-0.291834704,0.049415864,0.157217179,0.049089172,snake,stereo,snake,animal,Unclassified,animal,0.10780131500000001,1.2199380739999999,im2,im2
97,1.214970289,0.133152492,97_1.jpg,97_2.jpg,97_3.jpg,-0.33842482,0.876545469,-0.398770887,0.041159277,0.174311769,0.017222645,monkey,headlight,monkey,animal,Unclassified,animal,0.133152492,1.214970289,im2,im2
98,1.214033355,0.13455848,98_1.jpg,98_2.jpg,98_3.jpg,-0.400573061,0.813460294,-0.395342944,0.027926354,0.162484834,0.01767992,cornmeal,roof_rack,grapefruit,food,Unclassified,fruit,0.13455847999999998,1.214033355,im2,im2
99,1.217744588,0.153038206,99_1.jpg,99_2.jpg,99_3.jpg,-0.272876826,0.944867762,-0.259495884,0.038639274,0.19167748,0.065282367,mast,stew,mast,Unclassified,food,Unclassified,0.153038206,1.217744588,im2,im2
100,0.11990964,0.010264199,100_1.jpg,100_2.jpg,100_3.jpg,0.085154884,0.205064523,0.400392052,0.011838364,0.022102563,0.035084481,breadbox,fishhook,sorbet,container,Unclassified,dessert,0.010264198999999998,0.119909639,im2,im2
101,0.125732732,0.02837319,101_1.jpg,101_2.jpg,101_3.jpg,-0.048094044,0.077638687,-0.012869047,0.076484354,0.048111164,0.062895374,harness,wheel,fig,Unclassified,Unclassified,fruit,-0.028373190000000006,0.125732731,im2,im1
102,0.1261124,0.038079388,102_1.jpg,102_2.jpg,102_3.jpg,0.539963745,0.666076145,0.546538304,0.067289937,0.029210549,0.041421285,timer,neck,triangle,Unclassified,body part,musical instrument,-0.03807938799999999,0.1261124,im2,im1
103,0.12741862,0.072189685,103_1.jpg,103_2.jpg,103_3.jpg,-0.259613829,-0.132195209,0.46479054,0.088529318,0.016339633,0.020880946,apple_tree,keyboard,blindfold,plant,Unclassified,Unclassified,-0.072189685,0.12741862,im2,im1
104,0.114893357,0.084939548,104_1.jpg,104_2.jpg,104_3.jpg,0.079040324,0.193933681,-0.194504719,0.122838171,0.037898623,0.031955611,pizza,cockatoo,wire_cutters,food,animal,tool,-0.084939548,0.114893357,im2,im1
105,0.127777279,0.090050142,105_1.jpg,105_2.jpg,105_3.jpg,0.255740213,0.383517492,0.274794765,0.111534107,0.021483966,0.031470812,badge,gate,filing_cabinet,Unclassified,Unclassified,furniture,-0.090050141,0.12777727900000002,im2,im1
106,0.125016695,0.110182622,106_1.jpg,106_2.jpg,106_3.jpg,-0.159114382,-0.034097687,0.148915067,0.104029815,-0.006152807,0.017595269,deer,smoothie,cage,animal,food,Unclassified,-0.110182622,0.125016695,im2,im1
107,0.131422606,0.127518642,107_1.jpg,107_2.jpg,107_3.jpg,0.015661982,0.147084588,0.046756621,0.002290293,0.129808935,-0.001257503,toolbox,dalmatian,petal,container,animal,Unclassified,0.127518642,0.131422606,im2,im2
108,0.122516329,0.134188746,108_1.jpg,108_2.jpg,108_3.jpg,0.093452592,0.215968921,-0.02503816,0.039548011,0.173736757,0.040286105,drink,chipmunk,saxophone,Unclassified,animal,musical instrument,0.134188746,0.12251632900000001,im2,im2
109,0.11398573,0.152242642,109_1.jpg,109_2.jpg,109_3.jpg,-0.010818825,0.103166905,-0.099881219,-0.004369429,0.147873213,0.035266335,ski_lift,egg,cow,Unclassified,food,animal,0.152242642,0.11398573000000001,im2,im2
110,0.251763184,0.025113461,110_1.jpg,110_2.jpg,110_3.jpg,0.214471429,0.466234613,0.053278066,0.086681766,0.061568305,0.080969514,tag,dress,guinea_pig,Unclassified,clothing,animal,-0.025113460999999997,0.25176318400000003,im2,im1
111,0.245170483,0.022303585,111_1.jpg,111_2.jpg,111_3.jpg,0.162349609,0.407520093,0.117008238,0.041010708,0.063314294,0.042368456,guitar,fossil,pumpkin,musical instrument,Unclassified,vegetable,0.022303585999999993,0.24517048400000002,im2,im2
112,0.252579933,0.044992341,112_1.jpg,112_2.jpg,112_3.jpg,0.151071285,0.403651218,0.402123005,0.073651551,0.02865921,0.013972249,cornbread,cummerbund,dishwashing_liquid,food,Unclassified,Unclassified,-0.04499234099999999,0.252579933,im2,im1
113,0.235304692,0.060942836,113_1.jpg,113_2.jpg,113_3.jpg,0.231562191,0.466866883,0.036872397,0.082235807,0.021292971,0.026542465,doorknocker,cloak,tapestry,Unclassified,clothing,Unclassified,-0.06094283599999999,0.235304692,im2,im1
114,0.243038742,0.087337799,114_1.jpg,114_2.jpg,114_3.jpg,0.023260114,0.266298856,0.398131286,0.008255892,0.095593691,0.044378311,scale,turtleneck,envelope,Unclassified,clothing,container,0.087337799,0.24303874199999997,im2,im2
115,0.238333969,0.093010775,115_1.jpg,115_2.jpg,115_3.jpg,0.515338993,0.753672962,0.620816634,0.012190023,0.105200798,0.069589531,latte,pacifier,soy_sauce,food,Unclassified,food,0.093010775,0.23833396900000003,im2,im2
116,0.238257547,0.105194616,116_1.jpg,116_2.jpg,116_3.jpg,0.163478128,0.401735675,0.428359494,0.120713457,0.015518841,0.056777672,applesauce,puck,milkshake,food,Unclassified,Unclassified,-0.10519461599999999,0.23825754700000001,im2,im1
117,0.251783583,0.121323355,117_1.jpg,117_2.jpg,117_3.jpg,0.225121609,0.476905193,0.200940293,0.15821929,0.036895934,0.071113724,gallows,grenade,extinguisher,Unclassified,Unclassified,Unclassified,-0.12132335600000002,0.251783584,im2,im1
118,0.245007766,0.139500414,118_1.jpg,118_2.jpg,118_3.jpg,0.298083281,0.543091047,0.294611337,0.012382416,0.15188283,0.044671054,cabbage,bell,cilantro,plant,Unclassified,food,0.139500414,0.24500776600000002,im2,im2
119,0.24978596,0.157581401,119_1.jpg,119_2.jpg,119_3.jpg,-0.166025426,0.083760534,0.415364829,-0.016462332,0.141119069,0.01194058,toucan,keg,metronome,animal,container,Unclassified,0.157581401,0.24978596,im2,im2
120,0.367489564,0.015677392,120_1.jpg,120_2.jpg,120_3.jpg,-0.052000374,0.31548919,-0.061175456,0.048285247,0.032607855,0.11958118,stilt,dashboard,cot,Unclassified,Unclassified,furniture,-0.015677392000000005,0.367489564,im2,im1
121,0.366046098,0.026932003,121_1.jpg,121_2.jpg,121_3.jpg,-0.144403509,0.221642589,-0.098636091,0.072257367,0.045325364,0.02754964,fossil,truck,napkin,Unclassified,container,Unclassified,-0.026932003000000003,0.366046098,im2,im1
122,0.358893286,0.054913073,122_1.jpg,122_2.jpg,122_3.jpg,0.00692402,0.365817306,0.110137216,0.067356115,0.012443041,0.051972465,tackle,weather_vane,refrigerator,Unclassified,Unclassified,Unclassified,-0.05491307399999999,0.35889328600000003,im2,im1
123,0.357530096,0.059026903,123_1.jpg,123_2.jpg,123_3.jpg,-0.359700594,-0.002170498,0.052236882,0.016058197,0.0750851,0.043448602,racehorse,bee,gargoyle,animal,animal,Unclassified,0.059026903000000006,0.35753009599999996,im2,im2
124,0.373998453,0.084690934,124_1.jpg,124_2.jpg,124_3.jpg,-0.141222826,0.232775626,0.279659528,0.018176595,0.102867529,0.072554547,gate,cantaloupe,corkboard,Unclassified,fruit,Unclassified,0.084690934,0.37399845200000004,im2,im2
125,0.370312289,0.102313761,125_1.jpg,125_2.jpg,125_3.jpg,-0.0371927,0.333119589,-0.180606372,0.087048267,0.189362029,0.08361865,pallet,seagull,dumpster,Unclassified,animal,container,0.10231376199999999,0.370312289,im2,im2
126,0.368488815,0.103765666,126_1.jpg,126_2.jpg,126_3.jpg,0.093007627,0.461496442,-0.006291063,0.031270573,0.135036239,0.165699426,quill,kayak,roller,Unclassified,vehicle,Unclassified,0.103765666,0.368488815,im2,im2
127,0.367767994,0.124116717,127_1.jpg,127_2.jpg,127_3.jpg,0.030975552,0.398743545,-0.024508972,0.138420215,0.014303497,0.02470529,mold1,windshield,wedding_cake,animal,Unclassified,Unclassified,-0.12411671800000001,0.36776799299999996,im2,im1
128,0.365876415,0.137554203,128_1.jpg,128_2.jpg,128_3.jpg,-0.121451869,0.244424547,0.245198435,0.151366739,0.013812536,0.042544822,clock,dough,barrel,Unclassified,food,Unclassified,-0.13755420299999999,0.365876416,im2,im1
129,0.370138197,0.158045828,129_1.jpg,129_2.jpg,129_3.jpg,0.224090567,0.594228765,0.455932023,0.021974886,0.180020714,0.071851548,lip_balm,curtain,juicer1,Unclassified,Unclassified,animal,0.158045828,0.37013819800000003,im2,im2
130,0.484742612,0.012688554,130_1.jpg,130_2.jpg,130_3.jpg,-0.137734533,0.347008079,-0.155376353,0.040372382,0.053060936,0.057391514,stir_fry,yak,soda,Unclassified,animal,food,0.012688554000000005,0.484742612,im2,im2
131,0.493967015,0.025959311,131_1.jpg,131_2.jpg,131_3.jpg,-0.081453463,0.412513552,0.127352895,0.069299103,0.043339792,0.032875428,cantaloupe,backpack,gingerbread_man,fruit,container,Unclassified,-0.025959311,0.493967015,im2,im1
132,0.477397946,0.038896941,132_1.jpg,132_2.jpg,132_3.jpg,-0.010187735,0.467210211,-0.029018954,0.075873627,0.036976687,0.033400468,wineglass,arch,ribbon,container,Unclassified,Unclassified,-0.03889694,0.47739794599999996,im2,im1
133,0.495450814,0.059052447,133_1.jpg,133_2.jpg,133_3.jpg,0.1061434,0.601594214,0.137864644,0.113171355,0.054118909,0.073828432,teabag,turtleneck,cabbage,container,clothing,plant,-0.059052446,0.495450814,im2,im1
134,0.484612668,0.072960603,134_1.jpg,134_2.jpg,134_3.jpg,0.349097317,0.833709985,0.311335658,0.042715621,0.115676223,0.007893382,hotplate,terrarium,centrifuge,kitchen appliance,Unclassified,Unclassified,0.07296060199999999,0.484612668,im2,im2
135,0.489481025,0.090070626,135_1.jpg,135_2.jpg,135_3.jpg,-0.11156432,0.377916705,-0.265187002,0.108803461,0.018732835,0.017005837,tackle,crow,bell_pepper,Unclassified,animal,vegetable,-0.090070626,0.489481025,im2,im1
136,0.477865889,0.114807659,136_1.jpg,136_2.jpg,136_3.jpg,0.14353373,0.621399619,0.046633173,0.130710367,0.015902708,0.046512922,extinguisher,hot-air_balloon,can_opener,Unclassified,vehicle,tool,-0.11480765899999999,0.47786588899999993,im2,im1
137,0.493252156,0.119277013,137_1.jpg,137_2.jpg,137_3.jpg,-0.057497751,0.435754404,0.290419577,0.023028516,0.142305528,0.016271837,bat2,macadamia,chive,animal,fruit,plant,0.11927701199999999,0.49325215499999997,im2,im2
138,0.48470743,0.13525117,138_1.jpg,138_2.jpg,138_3.jpg,-0.160221327,0.324486103,-0.123660091,0.126069822,-0.009181348,0.02220978,anvil,lobster,diskette,Unclassified,animal,Unclassified,-0.13525117,0.48470743000000005,im2,im1
139,0.489965233,0.166920643,139_1.jpg,139_2.jpg,139_3.jpg,0.071523827,0.56148906,0.148927638,0.1905728,0.023652157,0.03405919,ice-cream_cone,hot-air_balloon,abacus,dessert,vehicle,Unclassified,-0.16692064299999998,0.489965233,im2,im1
140,0.606126055,0.017309353,140_1.jpg,140_2.jpg,140_3.jpg,0.085909762,0.692035817,0.128634621,0.05495973,0.072269083,0.023849009,calamari,toucan,arugula,Unclassified,animal,plant,0.017309353,0.606126055,im2,im2
141,0.618602012,0.027555655,141_1.jpg,141_2.jpg,141_3.jpg,-0.266807583,0.351794429,-0.121985623,0.039953743,0.067509398,0.037478728,tripod,sea_urchin,cooker,Unclassified,animal,Unclassified,0.027555655,0.618602012,im2,im2
142,0.615035061,0.039144635,142_1.jpg,142_2.jpg,142_3.jpg,0.13266423,0.747699291,-0.010393287,0.033774648,0.072919283,0.062596274,wine,recliner,syrup,food,furniture,food,0.039144635000000004,0.6150350609999999,im2,im2
143,0.613087753,0.066098811,143_1.jpg,143_2.jpg,143_3.jpg,-0.215642367,0.397445387,-0.195344517,0.07923021,0.013131399,0.024012451,juicer2,pheasant,sawhorse,animal,animal,Unclassified,-0.066098811,0.6130877539999999,im2,im1
144,0.603209421,0.074730502,144_1.jpg,144_2.jpg,144_3.jpg,-0.070325666,0.532883756,-0.01359965,0.028352432,0.103082935,0.064341281,laundry_basket,cobra,espresso,container,animal,food,0.074730503,0.603209422,im2,im2
145,0.606210174,0.099416872,145_1.jpg,145_2.jpg,145_3.jpg,-0.144367569,0.461842605,0.124373098,0.063907178,0.16332405,0.092222898,turntable,poppy,paper_plate,Unclassified,plant,Unclassified,0.099416872,0.606210174,im2,im2
146,0.601343049,0.102804732,146_1.jpg,146_2.jpg,146_3.jpg,-0.240578046,0.360765003,-0.183156489,0.108351089,0.005546357,0.029233585,brussels_sprouts,alpaca,beaker,vegetable,animal,container,-0.102804732,0.601343049,im2,im1
147,0.604334908,0.120990292,147_1.jpg,147_2.jpg,147_3.jpg,-0.119480389,0.484854519,0.004429354,0.003124408,0.1241147,0.041222182,headlight,daisy,cellphone,Unclassified,plant,Unclassified,0.120990292,0.604334908,im2,im2
148,0.610285853,0.149558578,148_1.jpg,148_2.jpg,148_3.jpg,-0.044076427,0.566209426,0.109871267,0.23939075,0.089832173,0.098511316,stingray,cucumber,seal,animal,vegetable,animal,-0.14955857700000003,0.610285853,im2,im1
149,0.611457874,0.15026435,149_1.jpg,149_2.jpg,149_3.jpg,0.228298113,0.839755986,0.329830857,-0.002869907,0.147394443,0.029239461,keg,calf2,keg,container,animal,container,0.15026435000000002,0.611457873,im2,im2
150,0.728681817,0.010855619,150_1.jpg,150_2.jpg,150_3.jpg,0.057176847,0.785858664,0.160239629,0.101444399,0.09058878,0.066122344,souffle,headlight,latte,food,Unclassified,food,-0.01085561900000001,0.728681817,im2,im1
151,0.722077882,0.029483039,151_1.jpg,151_2.jpg,151_3.jpg,-0.019620257,0.702457625,-0.079696566,0.072394428,0.101877467,0.041219145,raincoat,microwave,raincoat,clothing,kitchen appliance,clothing,0.029483039000000003,0.722077882,im2,im2
152,0.736543008,0.049352804,152_1.jpg,152_2.jpg,152_3.jpg,-0.066594628,0.669948381,-0.123473594,0.060367768,0.011014964,0.048846136,cigarette,birdhouse,ladybug,Unclassified,Unclassified,animal,-0.049352804,0.736543009,im2,im1
153,0.725936597,0.06776568,153_1.jpg,153_2.jpg,153_3.jpg,-0.027331404,0.698605193,0.001372948,0.035875491,0.103641171,0.007141465,corkscrew,duckling,ink,tool,animal,Unclassified,0.06776568,0.725936597,im2,im2
154,0.737616919,0.071023796,154_1.jpg,154_2.jpg,154_3.jpg,-0.155219871,0.582397049,-0.128805446,0.032335311,0.103359107,0.018585505,paper_towel,trolley,ketchup,Unclassified,container,food,0.071023796,0.73761692,im2,im2
155,0.728576364,0.09099065,155_1.jpg,155_2.jpg,155_3.jpg,-0.111583283,0.616993081,-0.129723626,0.129934945,0.038944295,0.055459892,ribbon,lion,seahorse,Unclassified,animal,animal,-0.09099065,0.728576364,im2,im1
156,0.724151012,0.102994058,156_1.jpg,156_2.jpg,156_3.jpg,-0.125446048,0.598704964,0.120716706,0.095616147,-0.007377911,0.054617785,blower,pie,car_seat,Unclassified,Unclassified,Unclassified,-0.102994058,0.724151012,im2,im1
157,0.735108151,0.123906688,157_1.jpg,157_2.jpg,157_3.jpg,-0.115734283,0.619373869,-0.298454206,0.130904218,0.006997531,0.025367442,record,puddle,doorknob,Unclassified,Unclassified,Unclassified,-0.12390668699999999,0.735108152,im2,im1
158,0.731706089,0.140447645,158_1.jpg,158_2.jpg,158_3.jpg,-0.16205927,0.56964682,-0.245100308,0.030892494,0.171340139,0.027155737,scoop,hammock,icepick,container,furniture,tool,0.140447645,0.73170609,im2,im2
159,0.734285933,0.154199761,159_1.jpg,159_2.jpg,159_3.jpg,-0.065405304,0.668880629,-0.019457609,-0.003596128,0.150603633,0.036593739,backpack,wasp,sweatsuit,container,animal,clothing,0.154199761,0.734285933,im2,im2
160,0.842977415,0.015600501,160_1.jpg,160_2.jpg,160_3.jpg,-0.278594935,0.564382481,-0.260745948,0.03088182,0.015281319,0.067377647,badge,barbed_wire,ribbon,Unclassified,Unclassified,Unclassified,-0.015600501000000001,0.842977416,im2,im1
161,0.847435483,0.030361138,161_1.jpg,161_2.jpg,161_3.jpg,-0.194957506,0.652477977,-0.119368757,0.058796229,0.028435092,0.049411963,wrist,elephant,sim_card,body part,animal,Unclassified,-0.030361137,0.8474354829999999,im2,im1
162,0.853108471,0.056850274,162_1.jpg,162_2.jpg,162_3.jpg,-0.19052529,0.662583181,-0.116072897,0.093060588,0.036210315,0.036457302,aircraft_carrier,bun,crane,vehicle,Unclassified,Unclassified,-0.056850273,0.8531084710000001,im2,im1
163,0.844949369,0.072802413,163_1.jpg,163_2.jpg,163_3.jpg,-0.120044679,0.72490469,-0.2525907,0.042292339,0.115094752,0.017535103,camera1,tumbleweed,camcorder,animal,plant,Unclassified,0.072802413,0.8449493690000001,im2,im2
164,0.851522168,0.079630336,164_1.jpg,164_2.jpg,164_3.jpg,-0.1578887,0.693633468,-0.197564031,0.104570806,0.02494047,0.030862311,handcuff,porthole,clipper1,Unclassified,Unclassified,animal,-0.079630336,0.851522168,im2,im1
165,0.850189378,0.085959799,165_1.jpg,165_2.jpg,165_3.jpg,-0.207467714,0.642721664,-0.250883848,0.112638018,0.026678219,0.025554132,graffiti,raccoon,altar,Unclassified,animal,Unclassified,-0.085959799,0.8501893779999999,im2,im1
166,0.853068691,0.107624676,166_1.jpg,166_2.jpg,166_3.jpg,-0.289683915,0.563384776,-0.058515229,0.137306428,0.029681752,0.085656831,shark,plant,seagull,animal,Unclassified,animal,-0.107624676,0.853068691,im2,im1
167,0.842202423,0.118781441,167_1.jpg,167_2.jpg,167_3.jpg,-0.065727719,0.776474704,-0.138637877,0.099921796,-0.018859645,0.043717669,cupcake,target,eggnog,Unclassified,sports equipment,food,-0.11878144099999999,0.8422024229999999,im2,im1
168,0.856483045,0.144994368,168_1.jpg,168_2.jpg,168_3.jpg,-0.18963239,0.666850655,0.013905304,0.027767694,0.172762062,0.082243008,turban,door,turban,clothing,Unclassified,clothing,0.14499436799999998,0.8564830449999999,im2,im2
169,0.857398252,0.155457067,169_1.jpg,169_2.jpg,169_3.jpg,-0.009041584,0.848356668,0.007163851,0.024005949,0.179463016,0.026458747,rose,cuckoo_clock,rose,plant,Unclassified,plant,0.155457067,0.857398252,im2,im2
170,0.971841673,0.010331104,170_1.jpg,170_2.jpg,170_3.jpg,-0.370080915,0.601760758,-0.336602157,0.10456972,0.094238616,0.051127605,guardrail,seahorse,bobsled,Unclassified,animal,vehicle,-0.010331104000000008,0.9718416729999999,im2,im1
171,0.975986624,0.035479316,171_1.jpg,171_2.jpg,171_3.jpg,-0.122174537,0.853812088,-0.117718227,0.067340139,0.031860823,0.029255684,table,blimp,table,furniture,vehicle,furniture,-0.03547931599999999,0.975986625,im2,im1
172,0.96427927,0.045314829,172_1.jpg,172_2.jpg,172_3.jpg,-0.290472879,0.673806391,-0.291086337,0.07823689,0.032922061,0.015923712,uniform,star_fruit,kilt,clothing,fruit,clothing,-0.045314829,0.96427927,im2,im1
173,0.969814382,0.056583209,173_1.jpg,173_2.jpg,173_3.jpg,-0.219791724,0.750022658,-0.130902793,0.074624404,0.018041195,0.049550102,ham,aircraft_carrier,sundae,Unclassified,vehicle,dessert,-0.05658320900000001,0.969814382,im2,im1
174,0.982468743,0.082701674,174_1.jpg,174_2.jpg,174_3.jpg,-0.101777767,0.880690976,-0.154750483,0.107742974,0.0250413,-0.006150138,flamingo,doorstop,flamingo,animal,Unclassified,animal,-0.082701674,0.982468743,im2,im1
175,0.983788063,0.091477684,175_1.jpg,175_2.jpg,175_3.jpg,-0.29084191,0.692946153,-0.304225546,0.12022044,0.028742756,-0.003456058,pennant,snow,tuning_fork,Unclassified,Unclassified,Unclassified,-0.091477684,0.983788063,im2,im1
176,0.971496058,0.118340231,176_1.jpg,176_2.jpg,176_3.jpg,-0.085687101,0.885808957,0.065380981,0.0282843,0.146624531,0.040276735,towel,chute,towel,Unclassified,Unclassified,Unclassified,0.118340231,0.9714960579999999,im2,im2
177,0.98164935,0.136473691,177_1.jpg,177_2.jpg,177_3.jpg,-0.349598696,0.632050654,-0.307859026,0.061928891,0.198402582,0.030847655,wax,moose,cross,Unclassified,animal,Unclassified,0.136473691,0.9816493500000001,im2,im2
178,0.977621069,0.138362419,178_1.jpg,178_2.jpg,178_3.jpg,-0.288182845,0.689438223,-0.068401104,0.117705525,-0.020656894,0.04222784,television,grasshopper,pinball,Unclassified,animal,Unclassified,-0.13836241900000001,0.977621068,im2,im1
179,0.968633248,0.153258882,179_1.jpg,179_2.jpg,179_3.jpg,-0.352090957,0.616542291,-0.134246735,0.13559972,-0.017659162,0.043006727,coverall,praying_mantis,blower,clothing,animal,Unclassified,-0.153258882,0.968633248,im2,im1
180,1.090442918,0.015165048,180_1.jpg,180_2.jpg,180_3.jpg,-0.27948458,0.810958338,-0.302553169,0.085304289,0.070139241,0.0281162,pizza,cloak,lasagna,food,clothing,food,-0.015165048,1.090442918,im2,im1
181,1.099471723,0.041622121,181_1.jpg,181_2.jpg,181_3.jpg,-0.269510845,0.829960879,-0.213199376,0.102428949,0.060806828,0.059970214,muffin,bow2,quesadilla,food,animal,food,-0.041622121000000005,1.099471724,im2,im1
182,1.08583423,0.04373742,182_1.jpg,182_2.jpg,182_3.jpg,-0.362591955,0.723242275,-0.173173366,0.025509897,0.069247317,0.061714186,spear,lion,sword,weapon,animal,weapon,0.04373742,1.0858342300000001,im2,im2
183,1.08835103,0.06367329,183_1.jpg,183_2.jpg,183_3.jpg,-0.30940212,0.77894891,-0.267401394,0.121858381,0.05818509,0.112974242,dumpster,sickle,coop,container,tool,Unclassified,-0.06367329099999999,1.08835103,im2,im1
184,1.101811853,0.088497229,184_1.jpg,184_2.jpg,184_3.jpg,-0.217360538,0.884451315,-0.227563201,0.000809441,0.089306669,0.017727054,shawl,warthog,skirt,clothing,animal,clothing,0.08849722800000001,1.101811853,im2,im2
185,1.098422147,0.089316938,185_1.jpg,185_2.jpg,185_3.jpg,-0.268538117,0.82988403,-0.244841049,0.071999428,-0.01731751,0.053752342,handkerchief,trolley,washcloth,Unclassified,container,Unclassified,-0.08931693800000001,1.098422147,im2,im1
186,1.087933168,0.109070504,186_1.jpg,186_2.jpg,186_3.jpg,-0.267323107,0.820610061,-0.345400205,-0.008413948,0.100656556,0.019802861,handcuff,root,gasket,Unclassified,Unclassified,Unclassified,0.109070504,1.087933168,im2,im2
187,1.099061688,0.132041808,187_1.jpg,187_2.jpg,187_3.jpg,-0.207466677,0.891595011,-0.169943847,-0.008535614,0.123506194,0.028719499,onion,ambulance,onion,Unclassified,container,Unclassified,0.132041808,1.099061688,im2,im2
188,1.095053388,0.134828466,188_1.jpg,188_2.jpg,188_3.jpg,-0.245883237,0.84917015,-0.263421326,0.011668088,0.146496554,0.060820768,tab,reindeer,tab,Unclassified,animal,Unclassified,0.134828466,1.0950533869999999,im2,im2
189,1.099687801,0.156402047,189_1.jpg,189_2.jpg,189_3.jpg,-0.395613115,0.704074686,-0.313904518,-0.002559781,0.153842266,0.054790685,prism,moose,scooter,Unclassified,animal,container,0.15640204700000002,1.099687801,im2,im2
190,1.220266662,0.024318846,190_1.jpg,190_2.jpg,190_3.jpg,-0.42719511,0.793071552,-0.421373717,0.045625963,0.069944809,0.054400864,juicer1,barbed_wire,oatmeal,animal,Unclassified,food,0.024318845999999998,1.220266662,im2,im2
191,1.209336003,0.031832392,191_1.jpg,191_2.jpg,191_3.jpg,-0.395608044,0.813727959,-0.454888855,0.046806825,0.078639217,0.020802143,cigarette_butt,carriage,thumb,Unclassified,container,body part,0.031832391999999994,1.209336003,im2,im2
192,1.208159879,0.042161313,192_1.jpg,192_2.jpg,192_3.jpg,-0.421078624,0.787081255,-0.410599755,0.018842368,0.061003681,0.052058995,barbell,cilantro,shield,sports equipment,food,Unclassified,0.04216131299999999,1.208159879,im2,im2
193,1.217457034,0.056916996,193_1.jpg,193_2.jpg,193_3.jpg,-0.453132084,0.764324949,-0.436543096,0.022085037,0.079002032,0.034802538,centrifuge,beehive,centrifuge,Unclassified,Unclassified,Unclassified,0.056916995,1.217457033,im2,im2
194,1.21080133,0.087733784,194_1.jpg,194_2.jpg,194_3.jpg,-0.301807166,0.908994163,-0.275933933,0.062045828,0.149779612,0.05618022,sailboat,leaf,sailboat,vehicle,Unclassified,vehicle,0.08773378400000001,1.2108013290000001,im2,im2
195,1.220525425,0.099553009,195_1.jpg,195_2.jpg,195_3.jpg,-0.277694928,0.942830497,-0.218128146,0.045549707,0.145102715,0.043223734,typewriter,badger,typewriter,Unclassified,animal,Unclassified,0.099553008,1.220525425,im2,im2
196,1.209804519,0.105522278,196_1.jpg,196_2.jpg,196_3.jpg,-0.355478799,0.854325721,-0.319835176,0.031596068,0.137118346,0.042584763,christmas_card,reindeer,christmas_card,Unclassified,animal,Unclassified,0.105522278,1.20980452,im2,im2
197,1.209080243,0.127937366,197_1.jpg,197_2.jpg,197_3.jpg,-0.466668399,0.742411843,-0.462225877,0.012203205,0.140140571,0.024961239,webcam,moss,cleat,Unclassified,Unclassified,Unclassified,0.127937366,1.209080242,im2,im2
198,1.20865445,0.147051,198_1.jpg,198_2.jpg,198_3.jpg,-0.386807267,0.821847184,-0.359464945,0.044454963,0.191505963,0.041410203,siren,platypus,siren,Unclassified,animal,Unclassified,0.147051,1.2086544510000001,im2,im2
199,1.224844927,0.169405116,199_1.jpg,199_2.jpg,199_3.jpg,-0.352746877,0.87209805,-0.262722925,0.024300093,0.193705209,0.028994517,toaster_oven,puffin,toaster_oven,kitchen appliance,animal,kitchen appliance,0.169405116,1.224844927,im2,im2
200,0.117490735,0.014195919,200_1.jpg,200_2.jpg,200_3.jpg,0.373674305,0.491165039,0.586774197,0.101230519,0.115426438,0.117487067,eye,match,mouthpiece,body part,Unclassified,sports equipment,0.014195919000000001,0.11749073400000004,im2,im2
201,0.12732647,0.028442256,201_1.jpg,201_2.jpg,201_3.jpg,-0.015729734,0.111596736,-0.033396189,0.065998143,0.037555887,0.025905988,sledgehammer,rattlesnake,radish,tool,animal,vegetable,-0.028442255999999992,0.12732647,im2,im1
202,0.112291436,0.04268118,202_1.jpg,202_2.jpg,202_3.jpg,0.113188202,0.225479638,0.158465448,0.043810687,0.001129507,0.039540723,stilt,mousse,pipe2,Unclassified,dessert,animal,-0.04268118,0.11229143600000001,im2,im1
203,0.117681447,0.055097018,203_1.jpg,203_2.jpg,203_3.jpg,0.138634725,0.256316172,0.06056856,0.057924575,0.002827557,0.051945987,baton2,walrus,hot-air_balloon,animal,animal,vehicle,-0.055097018,0.11768144700000002,im2,im1
204,0.130615292,0.071945717,204_1.jpg,204_2.jpg,204_3.jpg,0.100306561,0.230921853,-0.280581984,0.09823495,0.026289233,0.027991882,bathtub,poodle,soda,container,animal,food,-0.071945717,0.130615292,im2,im1
205,0.11475895,0.087042126,205_1.jpg,205_2.jpg,205_3.jpg,0.160954225,0.275713175,0.195530282,0.091046119,0.004003993,0.011681182,raisin,hook1,column,fruit,animal,Unclassified,-0.087042126,0.11475894999999997,im2,im1
206,0.117072085,0.105179249,206_1.jpg,206_2.jpg,206_3.jpg,0.356257888,0.473329973,0.246962638,0.120716843,0.015537595,0.000435739,sugar_cube,volleyball,needle,Unclassified,Unclassified,Unclassified,-0.105179248,0.11707208499999999,im2,im1
207,0.114447664,0.131170495,207_1.jpg,207_2.jpg,207_3.jpg,0.21436109,0.328808754,0.520711942,0.040664491,0.171834986,0.0380499,robe,chisel,arrow,clothing,tool,weapon,0.131170495,0.11444766399999998,im2,im2
208,0.127569406,0.140527174,208_1.jpg,208_2.jpg,208_3.jpg,0.251626171,0.379195578,0.274491796,-0.013570801,0.126956373,-0.003366103,centerpiece,polo_shirt,ice_cube,Unclassified,clothing,Unclassified,0.140527174,0.12756940699999997,im2,im2
209,0.115032804,0.151076457,209_1.jpg,209_2.jpg,209_3.jpg,-0.165121847,-0.050089043,0.175957995,-0.003119086,0.147957371,0.036079756,reindeer,crayon,shield,animal,Unclassified,Unclassified,0.151076457,0.11503280399999999,im2,im2
210,0.253145972,0.006970619,210_1.jpg,210_2.jpg,210_3.jpg,0.095247356,0.348393328,0.496222811,0.068515309,0.06154469,0.080349563,sledgehammer,casserole,gramophone,tool,food,Unclassified,-0.006970618999999997,0.253145972,im2,im1
211,0.237941334,0.025546581,211_1.jpg,211_2.jpg,211_3.jpg,-0.035304515,0.202636819,-0.189629591,0.045443364,0.070989945,0.050837909,thimble,carriage,pesto,container,container,food,0.025546581,0.237941334,im2,im2
212,0.242613087,0.044334945,212_1.jpg,212_2.jpg,212_3.jpg,-0.127049778,0.11556331,-0.022677523,0.085360648,0.041025703,0.054581775,cilantro,bison,barrette,food,animal,Unclassified,-0.044334945,0.242613088,im2,im1
213,0.248360043,0.056220684,213_1.jpg,213_2.jpg,213_3.jpg,-0.138206876,0.110153166,0.311953766,0.078335147,0.022114462,0.036186844,meerkat,coleslaw,arm,animal,food,body part,-0.05622068499999999,0.248360042,im2,im1
214,0.24717381,0.070874483,214_1.jpg,214_2.jpg,214_3.jpg,-0.029149703,0.218024108,-0.360800328,0.036159742,0.107034225,-0.018186325,blowgun,chick,banner,Unclassified,animal,Unclassified,0.07087448299999999,0.247173811,im2,im2
215,0.252579458,0.090357741,215_1.jpg,215_2.jpg,215_3.jpg,0.182142537,0.434721994,0.498758519,0.051957035,0.142314776,0.063372075,barrel,trumpet,abacus,Unclassified,musical instrument,Unclassified,0.090357741,0.252579457,im2,im2
216,0.248842499,0.121362063,216_1.jpg,216_2.jpg,216_3.jpg,0.079966337,0.328808836,0.323879669,0.125213531,0.003851468,0.033149933,suit,hole,mold1,clothing,Unclassified,animal,-0.12136206299999999,0.248842499,im2,im1
217,0.234964878,0.120756881,217_1.jpg,217_2.jpg,217_3.jpg,0.187363709,0.422328586,0.125522482,0.140930162,0.02017328,0.035863519,backpack,fingerprint,chalk,container,Unclassified,Unclassified,-0.120756882,0.23496487700000002,im2,im1
218,0.251687593,0.134101238,218_1.jpg,218_2.jpg,218_3.jpg,-0.103153703,0.14853389,-0.289747551,0.003751457,0.137852695,0.042606711,penguin,tape_recorder,fern,animal,Unclassified,plant,0.13410123799999998,0.251687593,im2,im2
219,0.24951997,0.162195563,219_1.jpg,219_2.jpg,219_3.jpg,0.144711935,0.394231905,0.145092109,-0.026358405,0.135837158,-0.05523355,keg,bikini,pan,container,clothing,Unclassified,0.16219556300000001,0.24951996999999998,im2,im2
220,0.356511353,0.009708475,220_1.jpg,220_2.jpg,220_3.jpg,0.154608932,0.511120285,0.437610938,0.054027459,0.044318984,0.035801405,flour,whiteboard,gumball,food,Unclassified,food,-0.009708475000000001,0.3565113529999999,im2,im1
221,0.374916032,0.038682811,221_1.jpg,221_2.jpg,221_3.jpg,-0.270922912,0.10399312,0.290545773,0.083215043,0.044532233,0.026346475,coop,mulberry,urn,Unclassified,fruit,container,-0.038682810000000005,0.374916032,im2,im1
222,0.360741617,0.054828632,222_1.jpg,222_2.jpg,222_3.jpg,-0.081866074,0.278875542,-0.283106736,0.096145352,0.041316721,0.063759728,macaroni,sprinkler,highlighter,Unclassified,Unclassified,Unclassified,-0.054828631,0.360741616,im2,im1
223,0.373652787,0.068817664,223_1.jpg,223_2.jpg,223_3.jpg,0.129494774,0.503147561,-0.099247757,0.041102513,0.109920176,0.037631563,bow2,parrot,nail_file,animal,animal,tool,0.068817663,0.37365278700000004,im2,im2
224,0.362663405,0.070146255,224_1.jpg,224_2.jpg,224_3.jpg,0.181708554,0.544371959,0.392030764,-0.002468264,0.067677991,0.051170464,incense,drill,can_opener,Unclassified,tool,tool,0.070146255,0.36266340500000005,im2,im2
225,0.368759455,0.097423475,225_1.jpg,225_2.jpg,225_3.jpg,-0.109206676,0.259552779,-0.159602867,-0.02427239,0.073151085,0.024947451,asparagus,icicle,coffee_table,vegetable,Unclassified,furniture,0.09742347500000001,0.368759455,im2,im2
226,0.357593902,0.107825518,226_1.jpg,226_2.jpg,226_3.jpg,-0.059356017,0.298237885,0.020090131,0.035142254,0.142967772,0.020205203,snowman,grille,sequin,Unclassified,Unclassified,Unclassified,0.107825518,0.35759390199999996,im2,im2
227,0.366884361,0.1353251,227_1.jpg,227_2.jpg,227_3.jpg,0.023208085,0.390092446,-0.164407422,0.203355809,0.068030709,0.087353902,collar,lip_balm,piglet,Unclassified,Unclassified,animal,-0.1353251,0.366884361,im2,im1
228,0.371702926,0.146743153,228_1.jpg,228_2.jpg,228_3.jpg,0.100063679,0.471766605,-0.165703472,0.108807758,-0.037935395,0.030041638,slipper,crutch,wrapping_paper,Unclassified,Unclassified,Unclassified,-0.14674315300000002,0.371702926,im2,im1
229,0.367517955,0.163585541,229_1.jpg,229_2.jpg,229_3.jpg,0.093997065,0.46151502,0.372236902,-0.004258593,0.159326947,0.043280267,pedometer,shower_curtain,melon,Unclassified,Unclassified,fruit,0.16358554,0.367517955,im2,im2
230,0.481077017,0.014361173,230_1.jpg,230_2.jpg,230_3.jpg,0.135614515,0.616691532,0.109100411,0.063976859,0.078338033,0.032699898,pretzel,dandelion,pill,food,plant,Unclassified,0.014361174000000004,0.48107701700000005,im2,im2
231,0.479419484,0.035504462,231_1.jpg,231_2.jpg,231_3.jpg,-0.120310538,0.359108946,-0.138860918,0.09355956,0.058055099,0.074207138,tablecloth,cactus,gun,Unclassified,plant,weapon,-0.035504461,0.479419484,im2,im1
232,0.492437429,0.047357135,232_1.jpg,232_2.jpg,232_3.jpg,-0.020274958,0.472162471,-0.050366331,0.069254151,0.021897015,0.072595018,candlestick,cougar,chalk,Unclassified,animal,Unclassified,-0.047357136,0.492437429,im2,im1
233,0.485882887,0.067518547,233_1.jpg,233_2.jpg,233_3.jpg,-0.070741014,0.415141872,-0.0705373,0.08867092,0.021152373,0.06858036,shoe_polish,rattlesnake,sundae,Unclassified,animal,dessert,-0.067518547,0.485882886,im2,im1
234,0.490764572,0.081422268,234_1.jpg,234_2.jpg,234_3.jpg,0.013917156,0.504681728,0.187812493,0.026041381,0.107463649,0.019547835,sandal,oar,suit,Unclassified,Unclassified,clothing,0.08142226799999999,0.490764572,im2,im2
235,0.494249584,0.091236376,235_1.jpg,235_2.jpg,235_3.jpg,-0.005535258,0.488714327,-0.038764605,0.092507916,0.00127154,0.049719822,money,gutter,drink,Unclassified,Unclassified,Unclassified,-0.091236376,0.494249585,im2,im1
236,0.488653407,0.103245056,236_1.jpg,236_2.jpg,236_3.jpg,-0.197335796,0.291317611,-0.073125534,0.154481626,0.05123657,0.08051971,duct_tape,speedboat,banner,Unclassified,vehicle,Unclassified,-0.103245056,0.488653407,im2,im1
237,0.496786032,0.119243856,237_1.jpg,237_2.jpg,237_3.jpg,0.117760054,0.614546086,0.240208534,0.016140708,0.135384564,0.066150037,popcorn,top_hat,breadstick,food,clothing,food,0.11924385600000001,0.49678603200000004,im2,im2
238,0.481715569,0.134471281,238_1.jpg,238_2.jpg,238_3.jpg,-0.020887528,0.460828042,0.070206282,0.13929273,0.004821449,0.060463416,jetski,bottle_opener,crane,Unclassified,tool,Unclassified,-0.134471281,0.48171557,im2,im1
239,0.485168052,0.158826259,239_1.jpg,239_2.jpg,239_3.jpg,-0.165268314,0.319899738,-0.098916652,0.161623181,0.002796923,-0.002959699,blower,caterpillar,suspenders,Unclassified,animal,clothing,-0.158826258,0.485168052,im2,im1
240,0.608229931,0.006415855,240_1.jpg,240_2.jpg,240_3.jpg,-0.11607074,0.49215919,-0.120299987,0.075981988,0.082397843,0.068851701,cucumber,airplane,pretzel,vegetable,vehicle,food,0.006415854999999998,0.60822993,im2,im2
241,0.605777746,0.030660092,241_1.jpg,241_2.jpg,241_3.jpg,-0.114175102,0.491602643,0.126998046,0.045334969,0.075995061,0.064095252,thimble,ram,thumbtack,container,animal,Unclassified,0.030660092,0.605777745,im2,im2
242,0.612832268,0.047044677,242_1.jpg,242_2.jpg,242_3.jpg,-0.10657985,0.506252418,0.142153213,0.00910055,0.056145227,0.052821095,eggbeater,clover,oil,Unclassified,plant,Unclassified,0.047044677,0.612832268,im2,im2
243,0.603178368,0.068223746,243_1.jpg,243_2.jpg,243_3.jpg,-0.058798447,0.54437992,-0.071977671,0.114039082,0.045815336,0.025215152,canoe,deer,jetski,vehicle,animal,Unclassified,-0.068223746,0.603178367,im2,im1
244,0.609085299,0.087487261,244_1.jpg,244_2.jpg,244_3.jpg,-0.128812745,0.480272553,-0.024853799,0.043108512,0.130595773,0.028176138,velcro,pelican,railing,Unclassified,animal,Unclassified,0.087487261,0.609085298,im2,im2
245,0.601413261,0.092679969,245_1.jpg,245_2.jpg,245_3.jpg,0.222453568,0.823866829,0.251433705,0.036462617,0.129142587,0.058525556,hash,razor_blade,tiramisu,food,tool,dessert,0.09267997,0.601413261,im2,im2
246,0.616193272,0.103088766,246_1.jpg,246_2.jpg,246_3.jpg,-0.306444965,0.309748307,0.00834685,0.11964392,0.016555154,0.036236187,toothpaste,vulture,gravel,Unclassified,animal,Unclassified,-0.103088766,0.6161932720000001,im2,im1
247,0.599360954,0.122580912,247_1.jpg,247_2.jpg,247_3.jpg,0.059040114,0.658401068,-0.029659212,0.010123384,0.132704296,0.003777238,cockatoo,drumstick,owl,animal,Unclassified,animal,0.122580912,0.599360954,im2,im2
248,0.603199215,0.135076036,248_1.jpg,248_2.jpg,248_3.jpg,-0.096250319,0.506948895,-0.034264786,0.123096145,-0.011979891,0.032814872,drawer,earwig,popsicle,container,animal,dessert,-0.135076036,0.603199214,im2,im1
249,0.610349125,0.150509884,249_1.jpg,249_2.jpg,249_3.jpg,0.043924124,0.654273248,0.35596642,0.019237359,0.169747243,0.056648252,bike,deodorant,bike,container,Unclassified,container,0.15050988399999998,0.610349124,im2,im2
250,0.720901075,0.017504574,250_1.jpg,250_2.jpg,250_3.jpg,-0.326321224,0.394579851,-0.212036571,0.073281412,0.055776838,0.033979087,paddle,cheetah,screwdriver,Unclassified,animal,tool,-0.017504574000000002,0.720901075,im2,im1
251,0.723776181,0.037245957,251_1.jpg,251_2.jpg,251_3.jpg,-0.149930374,0.573845807,-0.020333312,0.051120287,0.088366244,0.087017579,rifle,guinea_pig,ukulele,weapon,animal,musical instrument,0.037245956999999996,0.723776181,im2,im2
252,0.739567882,0.042319837,252_1.jpg,252_2.jpg,252_3.jpg,-0.187671109,0.551896773,-0.06486584,0.0865835,0.044263663,0.123870402,vacuum,stingray,megaphone,Unclassified,animal,Unclassified,-0.04231983699999999,0.739567882,im2,im1
253,0.738536399,0.072117725,253_1.jpg,253_2.jpg,253_3.jpg,-0.219047185,0.519489214,-0.198713274,0.0253244,0.097442125,-0.005430331,bin,butterfly,grate,container,animal,Unclassified,0.07211772500000001,0.738536399,im2,im2
254,0.735106704,0.089284542,254_1.jpg,254_2.jpg,254_3.jpg,-0.097414218,0.637692486,-0.161188764,0.052919874,0.142204416,0.085210147,sundial,caterpillar,birdbath,Unclassified,animal,container,0.089284542,0.7351067039999999,im2,im2
255,0.732299385,0.090864759,255_1.jpg,255_2.jpg,255_3.jpg,-0.235482936,0.496816449,-0.435098326,0.122012405,0.031147646,0.067589069,coin,warthog,drink,Unclassified,animal,Unclassified,-0.090864759,0.732299385,im2,im1
256,0.730468597,0.110130532,256_1.jpg,256_2.jpg,256_3.jpg,-0.05883778,0.671630818,0.087856714,0.144519046,0.034388515,0.045694319,bucket,blimp,can,container,vehicle,container,-0.110130531,0.730468598,im2,im1
257,0.737447034,0.122877317,257_1.jpg,257_2.jpg,257_3.jpg,-0.143944226,0.593502809,-0.105841858,0.136778305,0.013900989,0.025683503,bassinet,ferry,skeleton,furniture,vehicle,body part,-0.12287731599999999,0.737447035,im2,im1
258,0.727032188,0.144682651,258_1.jpg,258_2.jpg,258_3.jpg,-0.102262352,0.624769836,0.048766832,-0.006411718,0.138270934,0.039818028,bucket,ladybug,insole,container,animal,Unclassified,0.14468265200000002,0.727032188,im2,im2
259,0.739000457,0.162233562,259_1.jpg,259_2.jpg,259_3.jpg,-0.205910883,0.533089574,-0.227324824,0.02458972,0.186823282,0.034755409,gravestone,cheeseburger,lamppost,Unclassified,food,Unclassified,0.162233562,0.7390004569999999,im2,im2
260,0.850145302,0.016531626,260_1.jpg,260_2.jpg,260_3.jpg,-0.368966655,0.481178647,-0.247207054,0.036634446,0.02010282,0.084218622,lunchbox,alligator,fountain_pen,Unclassified,animal,Unclassified,-0.016531626,0.850145302,im2,im1
261,0.859080677,0.026212698,261_1.jpg,261_2.jpg,261_3.jpg,-0.247988695,0.611091982,0.017592293,0.067753481,0.041540783,0.05927967,crayfish,slot_machine,beetle,animal,Unclassified,animal,-0.026212698000000006,0.859080677,im2,im1
262,0.848518224,0.051240728,262_1.jpg,262_2.jpg,262_3.jpg,-0.154209995,0.69430823,-0.214684694,0.090326418,0.03908569,0.036675929,compost,boar,tortilla,Unclassified,animal,Unclassified,-0.051240728000000006,0.848518225,im2,im1
263,0.862146786,0.064821044,263_1.jpg,263_2.jpg,263_3.jpg,-0.252339407,0.609807379,-0.282784123,0.059865432,0.124686476,0.045900371,souffle,anteater,toast,food,animal,food,0.064821044,0.862146786,im2,im2
264,0.844929614,0.075262229,264_1.jpg,264_2.jpg,264_3.jpg,-0.235205381,0.609724233,-0.210019019,0.121643951,0.046381722,0.089814336,shopping_cart,slug,bassinet,container,animal,furniture,-0.075262229,0.844929614,im2,im1
265,0.854162105,0.090785195,265_1.jpg,265_2.jpg,265_3.jpg,-0.232705276,0.621456829,-0.293161386,0.116622724,0.025837528,0.047641607,folder,tumbleweed,hot_tub,Unclassified,plant,container,-0.090785196,0.854162105,im2,im1
266,0.860304259,0.111426349,266_1.jpg,266_2.jpg,266_3.jpg,-0.19461581,0.665688449,-0.166155079,0.132871012,0.021444662,0.077930077,strawberry,shark,egg,fruit,animal,food,-0.11142635000000001,0.8603042590000001,im2,im1
267,0.848784632,0.137623403,267_1.jpg,267_2.jpg,267_3.jpg,-0.119485535,0.729299097,-0.264871915,0.14232042,0.004697017,-0.006457281,keyboard,twig,domino,Unclassified,Unclassified,Unclassified,-0.137623403,0.848784632,im2,im1
268,0.861376165,0.142820728,268_1.jpg,268_2.jpg,268_3.jpg,-0.026917252,0.834458913,0.034631223,0.072533243,0.215353972,0.058899128,granite,electric_chair,granite,Unclassified,Unclassified,Unclassified,0.142820729,0.8613761649999999,im2,im2
269,0.861801278,0.153962891,269_1.jpg,269_2.jpg,269_3.jpg,-0.200583816,0.661217463,-0.331665074,0.06590503,0.219867921,0.050376426,cookie_sheet,palm_tree,soy_sauce,Unclassified,plant,food,0.153962891,0.8618012789999999,im2,im2
270,0.966834612,0.018417626,270_1.jpg,270_2.jpg,270_3.jpg,-0.247161778,0.719672833,-0.171735171,0.058281556,0.03986393,0.069727892,gumball,humvee,lemonade,food,vehicle,food,-0.018417626,0.9668346109999999,im2,im1
271,0.979550618,0.027959192,271_1.jpg,271_2.jpg,271_3.jpg,-0.325859215,0.653691403,-0.176375476,0.039589234,0.011630042,0.048362376,container,fungus,riser,Unclassified,Unclassified,Unclassified,-0.027959192,0.979550618,im2,im1
272,0.974775181,0.049949016,272_1.jpg,272_2.jpg,272_3.jpg,-0.193765168,0.781010013,-0.23678042,0.087093533,0.037144517,0.040795209,fondue,panda,drink,food,animal,Unclassified,-0.049949016,0.9747751809999999,im2,im1
273,0.964767271,0.059087914,273_1.jpg,273_2.jpg,273_3.jpg,-0.225931199,0.738836072,-0.200418205,0.067097208,0.008009294,-0.001230619,daisy,quad,flower,plant,Unclassified,plant,-0.059087914000000005,0.964767271,im2,im1
274,0.967302142,0.072551974,274_1.jpg,274_2.jpg,274_3.jpg,-0.300251235,0.667050907,-0.273732593,0.089843143,0.017291169,0.118738234,mussel,platypus,shoe,animal,animal,Unclassified,-0.072551974,0.9673021420000001,im2,im1
275,0.97650145,0.090968832,275_1.jpg,275_2.jpg,275_3.jpg,-0.299987205,0.676514245,-0.352046305,0.11190392,0.020935089,0.042396246,payphone,jet,phone,Unclassified,vehicle,Unclassified,-0.090968831,0.97650145,im2,im1
276,0.971889379,0.111323894,276_1.jpg,276_2.jpg,276_3.jpg,-0.169787914,0.802101465,-0.190073779,0.033322243,0.144646137,0.029882798,skull,gurney,skull,body part,Unclassified,body part,0.111323894,0.971889379,im2,im2
277,0.971559203,0.122677087,277_1.jpg,277_2.jpg,277_3.jpg,-0.360892353,0.61066685,-0.223627832,0.058567422,0.181244509,0.079772527,beachball,toad,diving_board,toy,Unclassified,Unclassified,0.12267708699999999,0.971559203,im2,im2
278,0.981743224,0.138800767,278_1.jpg,278_2.jpg,278_3.jpg,-0.177359504,0.80438372,-0.301230669,0.137163714,-0.001637053,0.049177076,margarita,bull,juice,food,animal,food,-0.138800767,0.981743224,im2,im1
279,0.965194375,0.151744236,279_1.jpg,279_2.jpg,279_3.jpg,-0.35629474,0.608899635,-0.324877592,-0.015700416,0.13604382,0.019550798,hand,fence,pita,body part,Unclassified,food,0.151744236,0.965194375,im2,im2
280,1.09678835,0.009896226,280_1.jpg,280_2.jpg,280_3.jpg,-0.336044795,0.760743555,-0.242936981,0.031802003,0.021905776,0.041216677,paper_towel,root,spam,Unclassified,Unclassified,food,-0.009896227000000004,1.09678835,im2,im1
281,1.097751595,0.025401719,281_1.jpg,281_2.jpg,281_3.jpg,-0.301446089,0.796305506,-0.13415101,0.089679617,0.064277898,0.109465391,finger,trap,plug,body part,Unclassified,Unclassified,-0.025401719000000003,1.097751595,im2,im1
282,1.099772114,0.053510675,282_1.jpg,282_2.jpg,282_3.jpg,-0.47936823,0.620403884,-0.373408289,0.036367585,0.08987826,0.01921576,mushroom,bobsled,hail,Unclassified,vehicle,Unclassified,0.053510675,1.099772114,im2,im2
283,1.090965918,0.071379425,283_1.jpg,283_2.jpg,283_3.jpg,-0.306122255,0.784843663,-0.224116695,0.069095924,-0.002283501,0.014604584,crossbow,coral,air_pump,weapon,animal,Unclassified,-0.071379425,1.090965918,im2,im1
284,1.088119587,0.077340299,284_1.jpg,284_2.jpg,284_3.jpg,-0.312833682,0.775285905,-0.048760336,0.054619912,0.13196021,0.008610198,sparkler,jacket,sparkler,Unclassified,clothing,Unclassified,0.077340298,1.088119587,im2,im2
285,1.08883108,0.097792631,285_1.jpg,285_2.jpg,285_3.jpg,-0.294450259,0.794380822,-0.171934074,0.030399777,0.128192408,0.030864681,daisy,bunkbed,dandelion,plant,furniture,plant,0.097792631,1.088831081,im2,im2
286,1.104499516,0.105746484,286_1.jpg,286_2.jpg,286_3.jpg,-0.353526803,0.750972713,-0.255642163,0.019308802,0.125055286,0.032579667,waffle,vulture,magnet,Unclassified,animal,Unclassified,0.10574648399999999,1.104499516,im2,im2
287,1.096181992,0.119766578,287_1.jpg,287_2.jpg,287_3.jpg,-0.376523776,0.719658216,-0.199056385,0.002920984,0.122687563,0.089612785,bagpipe,grapevine,trombone,musical instrument,plant,musical instrument,0.119766579,1.096181992,im2,im2
288,1.105262952,0.150658149,288_1.jpg,288_2.jpg,288_3.jpg,-0.242571759,0.862691194,-0.25616876,0.004990363,0.155648512,0.050924845,roll,scoreboard,gravy,food,Unclassified,food,0.150658149,1.105262953,im2,im2
289,1.088083949,0.150852795,289_1.jpg,289_2.jpg,289_3.jpg,-0.135857267,0.952226682,-0.164902692,0.1126785,0.263531295,0.068707357,bark,loveseat,bark,Unclassified,furniture,Unclassified,0.15085279499999998,1.088083949,im2,im2
290,1.20933049,0.024244563,290_1.jpg,290_2.jpg,290_3.jpg,-0.482261812,0.727068678,-0.259328365,0.021397076,0.045641639,0.043491875,thorn,kimono,cocoon,body part,clothing,Unclassified,0.024244562999999997,1.20933049,im2,im2
291,1.218419952,0.030292508,291_1.jpg,291_2.jpg,291_3.jpg,-0.280324568,0.938095384,-0.205697077,0.047617227,0.077909735,0.036639533,panda,headlight,panda,animal,Unclassified,animal,0.030292507999999996,1.218419952,im2,im2
292,1.221650142,0.053122135,292_1.jpg,292_2.jpg,292_3.jpg,-0.29641534,0.925234802,-0.316832987,0.058604123,0.111726258,0.062247072,orange,crucifix,grapefruit,fruit,Unclassified,fruit,0.053122134999999994,1.221650142,im2,im2
293,1.211235961,0.072303322,293_1.jpg,293_2.jpg,293_3.jpg,-0.367370055,0.843865906,-0.30942375,0.028802519,0.101105841,0.048934718,sloth,makeup,sloth,animal,Unclassified,animal,0.072303322,1.2112359609999999,im2,im2
294,1.211744209,0.072722249,294_1.jpg,294_2.jpg,294_3.jpg,-0.340859525,0.870884684,-0.269344913,0.025489863,0.098212112,0.068668745,washcloth,branch,washcloth,Unclassified,Unclassified,Unclassified,0.072722249,1.211744209,im2,im2
295,1.220835876,0.0896417,295_1.jpg,295_2.jpg,295_3.jpg,-0.506964181,0.713871695,-0.346397475,0.107195074,0.017553374,0.013820498,sheet,catfish,pillow,Unclassified,animal,Unclassified,-0.0896417,1.220835876,im2,im1
296,1.210127177,0.114097727,296_1.jpg,296_2.jpg,296_3.jpg,-0.338554317,0.87157286,-0.286020037,0.06248934,0.176587067,0.060449972,tarantula,bumper,tarantula,animal,Unclassified,animal,0.11409772699999998,1.210127177,im2,im2
297,1.225406522,0.121335931,297_1.jpg,297_2.jpg,297_3.jpg,-0.399382912,0.82602361,-0.321291321,0.024199286,0.145535217,0.014416124,pasta,stump,baklava,Unclassified,Unclassified,Unclassified,0.121335931,1.225406522,im2,im2
298,1.227143661,0.14842678,298_1.jpg,298_2.jpg,298_3.jpg,-0.33023614,0.896907521,-0.267696241,0.072961541,0.221388321,0.125544378,train_car,fish,train_car,Unclassified,animal,Unclassified,0.14842677999999998,1.227143661,im2,im2
299,1.216359516,0.151128463,299_1.jpg,299_2.jpg,299_3.jpg,-0.397692244,0.818667272,-0.345469973,-0.000256435,0.150872029,0.014890693,drum,barnacle,drum,musical instrument,animal,musical instrument,0.151128464,1.216359516,im2,im2
